timestamp,actiondata,latitude,longitude,xp,yp,roll,pitch,yaw,angular_velx,angular_vely,angular_velz
292000000,"[0, 0, 0, 0]",-33.72276903587454,150.67398824205466,-0.28,0.73,0.03,1.66,57.25,-0.00025,0.0155,0.012750000000000001
792000000,"[0, 0, 0, 0]",-33.722769039618136,150.67398825581645,-0.28,0.73,0.11,1.66,57.25,0.0055,0.00725,-0.00075
820000000,"[0, 0, 0, 0]",-33.722769040816324,150.67398825606372,-0.28,0.73,0.12,1.65,57.25,0.0105,0.02275,0.004
864000000,"[0, 0, 0, 0]",-33.722769042046124,150.67398825608785,-0.28,0.73,0.12,1.65,57.25,0.0035,0.0085,-0.0015
908000000,"[0, 0, 0, 0]",-33.72276904350693,150.67398825589513,-0.28,0.73,0.12,1.64,57.25,-0.001,-0.00175,-0.00675
988000000,"[0, 0, 0, 0]",-33.722769044968366,150.67398825551828,-0.28,0.73,0.12,1.64,57.25,-0.00375,0.0032500000000000003,-0.0055
12000000,"[0, 0, 0, 0]",-33.722769046667096,150.673988254899,-0.28,0.73,0.13,1.63,57.25,0.008,-0.003,0.012750000000000001
88000000,"[0, 0, 0, 0]",-33.722769048334996,150.67398825413767,-0.28,0.73,0.13,1.62,57.25,0.0032500000000000003,0.017750000000000002,0.0022500000000000003
152000000,"[1000, 1000, 1000, 1000]",-33.722769001933784,150.67398828642766,-0.27,0.74,0.12,1.51,57.25,-0.0185,-0.07775,-0.003
196000000,"[1000, 1000, 1000, 1000]",-33.72276883296977,150.6739884130356,-0.26,0.76,0.1,1.25,57.25,-0.0015,-0.1335,-0.001
220000000,"[1000, 1000, 1000, 1000]",-33.722768509342195,150.67398866085222,-0.24,0.79,0.1,0.8,57.25,-0.00725,-0.17500000000000002,0.00525
264000000,"[1000, 1000, 1000, 1000]",-33.722768078646446,150.673988993751,-0.21,0.84,0.1,0.2,57.24,0.010750000000000001,-0.21025,-0.0155
332000000,"[1000, 1000, 1000, 1000]",-33.72276746792295,150.67398946751877,-0.17,0.91,0.12,-0.49,57.24,0.0175,-0.18175,-0.00725
380000000,"[1000, 1000, 1000, 1000]",-33.722766772616424,150.67399000694442,-0.12,0.99,0.14,-0.88,57.24,0.00875,-0.15825,-0.01375
444000000,"[1000, 1000, 1000, 1000]",-33.72276588231,150.6739906961835,-0.05,1.08,0.16,-1.21,57.23,-0.00675,-0.09125,0.00375
480000000,"[1000, 1000, 1000, 1000]",-33.722764942442026,150.67399142155975,0.02,1.19,0.17,-1.37,57.23,-0.006500000000000001,-0.035750000000000004,0.01825
552000000,"[1000, 1000, 1000, 1000]",-33.72276380913439,150.67399229355726,0.1,1.31,0.17,-1.35,57.22,0.014750000000000001,0.04175,-0.00675
600000000,"[1000, 1000, 1000, 1000]",-33.72276267035592,150.6739931677168,0.18,1.44,0.17,-1.2,57.22,0.0015,0.08425,-0.006500000000000001
628000000,"[1000, 1000, 1000, 1000]",-33.722761352712254,150.67399417795633,0.27,1.59,0.15,-0.91,57.21,-0.00975,0.11375,-0.0145
668000000,"[1000, 1000, 1000, 1000]",-33.722760073678465,150.67399515860254,0.36,1.73,0.13,-0.5,57.2,0.00125,0.14575,-0.00925
716000000,"[1000, 1000, 1000, 1000]",-33.72275863556542,150.67399626244102,0.46,1.89,0.12,-0.09,57.19,0.00575,0.1545,0.01225
764000000,"[1000, 1000, 1000, 1000]",-33.72275727217539,150.67399731082435,0.56,2.04,0.12,0.26,57.19,-0.008,0.14625,0.00725
840000000,"[1000, 1000, 1000, 1000]",-33.72275576841309,150.6739984694488,0.67,2.21,0.12,0.74,57.18,0.007,0.15,-0.01875
876000000,"[1000, 1000, 1000, 1000]",-33.72275436477133,150.67399955263843,0.77,2.36,0.13,1.09,57.17,0.00425,0.11225,-0.0022500000000000003
948000000,"[1000, 1000, 1000, 1000]",-33.72275283552035,150.6740007335722,0.88,2.53,0.15,1.37,57.15,0.00675,0.066,-0.00125
996000000,"[1000, 1000, 1000, 1000]",-33.72275142160709,150.67400182503883,0.98,2.69,0.16,1.48,57.14,0.012750000000000001,0.04225,-0.0145
20000000,"[1000, 1000, 1000, 1000]",-33.722749891868666,150.67400300438536,1.09,2.86,0.16,1.52,57.13,0.0175,-0.005,-0.0165
64000000,"[1000, 1000, 1000, 1000]",-33.722748484034135,150.67400408781708,1.19,3.01,0.16,1.44,57.12,0.0035,-0.02225,-0.007
132000000,"[1000, 1000, 1000, 1000]",-33.72274696418902,150.67400525544798,1.3,3.18,0.15,1.28,57.11,-0.004,-0.04125,0.001
176000000,"[1000, 1000, 1000, 1000]",-33.72274556512233,150.67400632906657,1.4,3.34,0.14,1.02,57.1,-0.00475,-0.08700000000000001,-0.00525
240000000,"[1000, 1000, 1000, 1000]",-33.72274405088986,150.67400749078257,1.51,3.51,0.12,0.73,57.08,-0.0045000000000000005,-0.09775,-0.019
276000000,"[1000, 1000, 1000, 1000]",-33.72274265088254,150.67400856557373,1.6,3.66,0.1,0.41,57.07,-0.0095,-0.10425,-0.02
344000000,"[1000, 1000, 1000, 1000]",-33.72274112717318,150.6740097368903,1.71,3.83,0.09,0.14,57.05,-0.0005,-0.08750000000000001,-0.005
392000000,"[1000, 1000, 1000, 1000]",-33.72273971012671,150.6740108279169,1.81,3.99,0.09,-0.09,57.04,0.00275,-0.05075,-0.0095
416000000,"[1000, 1000, 1000, 1000]",-33.72273815993694,150.674012023039,1.93,4.16,0.09,-0.22,57.02,0.0,-0.035750000000000004,-0.017750000000000002
464000000,"[1000, 1000, 1000, 1000]",-33.722736713257326,150.6740131391838,2.03,4.32,0.1,-0.25,57.01,0.0025,0.01375,-0.00375
532000000,"[1000, 1000, 1000, 1000]",-33.72273512902049,150.67401436144257,2.14,4.5,0.1,-0.18,56.99,0.00825,0.04575,0.0
572000000,"[1000, 1000, 1000, 1000]",-33.72273365302097,150.67401549945794,2.25,4.66,0.1,-0.02,56.98,-0.00375,0.07,0.005
632000000,"[1000, 1000, 1000, 1000]",-33.72273204344865,150.67401673920924,2.36,4.84,0.1,0.19,56.96,-0.00275,0.0745,-0.01
680000000,"[1000, 1000, 1000, 1000]",-33.72273055270865,150.67401788629496,2.47,5.0,0.08,0.47,56.94,-0.011,0.09275,-0.01125
744000000,"[1000, 1000, 1000, 1000]",-33.722728937852,150.6740191281059,2.58,5.18,0.07,0.65,56.93,-0.01675,0.0845,-0.0105
784000000,"[1000, 1000, 1000, 1000]",-33.7227274516719,150.67402027089372,2.69,5.35,0.05,0.84,56.91,-0.00175,0.04625,-0.00925
840000000,"[1000, 1000, 1000, 1000]",-33.72272585000873,150.67402150315684,2.8,5.52,0.04,0.96,56.89,-0.00525,0.042,-0.00375
884000000,"[1000, 1000, 1000, 1000]",-33.72272438096842,150.67402263451243,2.91,5.69,0.02,1.01,56.88,-0.00775,0.00625,-0.016
916000000,"[1000, 1000, 1000, 1000]",-33.7227227998964,150.67402385357354,3.02,5.86,0.02,1.0,56.86,-0.00725,0.00375,-0.0022500000000000003
964000000,"[1000, 1000, 1000, 1000]",-33.722721348852,150.67402497351284,3.13,6.02,0.01,0.92,56.84,0.006500000000000001,-0.03425,-0.0015
32000000,"[1000, 1000, 1000, 1000]",-33.72271978360503,150.67402618229062,3.24,6.2,0.01,0.82,56.83,0.001,-0.03875,-0.01625
68000000,"[1000, 1000, 1000, 1000]",-33.722718342359585,150.67402729533998,3.34,6.36,0.01,0.67,56.81,-0.002,-0.0485,-0.02225
144000000,"[1000, 1000, 1000, 1000]",-33.72271678205631,150.67402849978416,3.45,6.53,0.01,0.53,56.79,0.0175,-0.038,-0.01625
192000000,"[1000, 1000, 1000, 1000]",-33.722715340575675,150.67402961172508,3.56,6.69,0.0,0.39,56.77,0.01525,-0.02075,0.00575
224000000,"[1000, 1000, 1000, 1000]",-33.7227137759003,150.6740308179271,3.67,6.86,-0.01,0.25,56.75,-0.0032500000000000003,-0.019,-0.00575
300000000,"[1000, 1000, 1000, 1000]",-33.722712327742926,150.67403193397067,3.77,7.02,-0.03,0.18,56.74,-0.006,-0.01875,-0.01825
332000000,"[1000, 1000, 1000, 1000]",-33.72271075416847,150.6740331469245,3.88,7.2,-0.04,0.13,56.72,-0.00125,0.00075,-0.001
380000000,"[1000, 1000, 1000, 1000]",-33.72270929711332,150.67403427086592,3.99,7.36,-0.06,0.11,56.7,0.00275,0.00425,-0.0025
408000000,"[1000, 1000, 1000, 1000]",-33.722707713866924,150.67403549348137,4.1,7.54,-0.07,0.12,56.69,-0.01575,0.02825,-0.010750000000000001
496000000,"[1000, 1000, 1000, 1000]",-33.72270624836423,150.67403662655522,4.21,7.7,-0.08,0.18,56.66,-0.01675,0.021,-0.0095
528000000,"[1000, 1000, 1000, 1000]",-33.72270465704029,150.67403785824877,4.32,7.88,-0.08,0.24,56.65,-0.0045000000000000005,0.0345,-0.021
564000000,"[1000, 1000, 1000, 1000]",-33.72270318561624,150.67403899799334,4.43,8.04,-0.09,0.33,56.63,0.00125,0.05575,-0.0005
640000000,"[1000, 1000, 1000, 1000]",-33.72270159018038,150.67404023417194,4.54,8.22,-0.09,0.42,56.62,0.002,0.04675,-0.015
684000000,"[1000, 1000, 1000, 1000]",-33.722700117607296,150.67404137505176,4.65,8.38,-0.09,0.52,56.6,-0.0022500000000000003,0.048,-0.01425
708000000,"[1000, 1000, 1000, 1000]",-33.72269852415847,150.6740426091732,4.76,8.56,-0.1,0.6,56.58,-0.00575,0.02625,-0.0032500000000000003
788000000,"[1000, 1000, 1000, 1000]",-33.72269705639918,150.67404374556136,4.87,8.72,-0.11,0.65,56.56,-0.008,0.00575,-0.00575
824000000,"[1000, 1000, 1000, 1000]",-33.72269547092203,150.67404497293109,4.98,8.89,-0.12,0.68,56.55,0.01625,0.007,-0.0075
900000000,"[1000, 1000, 1000, 1000]",-33.722694012224466,150.67404610240436,5.08,9.06,-0.14,0.66,56.53,0.0105,0.0032500000000000003,-0.017
920000000,"[1000, 1000, 1000, 1000]",-33.72269243711485,150.6740473227611,5.2,9.23,-0.15,0.63,56.51,0.00275,-0.00875,-0.01225
996000000,"[1000, 1000, 1000, 1000]",-33.72269098718758,150.67404844715276,5.3,9.39,-0.16,0.56,56.5,-0.0025,-0.025750000000000002,-0.0085
16000000,"[1000, 1000, 1000, 1000]",-33.7226894193631,150.67404966424473,5.41,9.57,-0.17,0.48,56.48,-0.00525,-0.0285,-0.00975
100000000,"[1000, 1000, 1000, 1000]",-33.72268797322742,150.6740507879763,5.52,9.73,-0.17,0.39,56.46,-0.00125,-0.021,-0.0105
124000000,"[1000, 1000, 1000, 1000]",-33.72268640589411,150.67405200680548,5.63,9.9,-0.17,0.3,56.45,0.006500000000000001,-0.0045000000000000005,-0.00425
172000000,"[1000, 1000, 1000, 1000]",-33.722684957038986,150.67405313401161,5.74,10.06,-0.17,0.25,56.43,0.00075,-0.004,-0.00525
244000000,"[1000, 1000, 1000, 1000]",-33.72268338407353,150.67405435798406,5.85,10.23,-0.17,0.22,56.42,0.0,-0.003,-0.00075
288000000,"[1000, 1000, 1000, 1000]",-33.722681928571845,150.67405549056605,5.95,10.4,-0.18,0.2,56.4,0.00375,0.0105,0.00375
348000000,"[1000, 1000, 1000, 1000]",-33.722680348136755,150.67405672037845,6.07,10.57,-0.19,0.22,56.38,-0.005,0.029,-0.02325
396000000,"[1000, 1000, 1000, 1000]",-33.72267888656997,150.67405785788503,6.17,10.73,-0.19,0.25,56.37,-0.01625,0.0095,-0.006
416000000,"[1000, 1000, 1000, 1000]",-33.72267730135515,150.6740590921545,6.29,10.91,-0.2,0.3,56.36,0.009000000000000001,0.03425,-0.01725
464000000,"[1000, 1000, 1000, 1000]",-33.72267583744603,150.67406023277277,6.39,11.07,-0.21,0.34,56.34,-0.01875,0.02,-0.01525
524000000,"[1000, 1000, 1000, 1000]",-33.72267425196142,150.6740614692431,6.51,11.25,-0.21,0.4,56.33,0.0085,0.02375,-0.010750000000000001
572000000,"[1000, 1000, 1000, 1000]",-33.722672789600686,150.6740626108212,6.61,11.41,-0.22,0.45,56.31,-0.00375,0.021,-0.002
640000000,"[1000, 1000, 1000, 1000]",-33.72267120719646,150.67406384724688,6.73,11.59,-0.22,0.49,56.29,-0.02125,0.0115,-0.00925
684000000,"[1000, 1000, 1000, 1000]",-33.722669748426654,150.67406498790476,6.83,11.75,-0.21,0.5,56.28,0.006,0.01125,-0.011
748000000,"[1000, 1000, 1000, 1000]",-33.72266817017575,150.67406622258065,6.95,11.92,-0.21,0.51,56.26,0.00675,0.00925,-0.019
792000000,"[1000, 1000, 1000, 1000]",-33.72266671511546,150.67406736117186,7.05,12.08,-0.21,0.51,56.25,0.0032500000000000003,0.00025,-0.0085
820000000,"[1000, 1000, 1000, 1000]",-33.72266514049445,150.6740685934586,7.17,12.26,-0.21,0.5,56.24,0.004,0.006500000000000001,-0.01225
868000000,"[1000, 1000, 1000, 1000]",-33.72266368830643,150.67406973004896,7.27,12.42,-0.21,0.47,56.22,0.00675,-0.01325,-0.008
944000000,"[1000, 1000, 1000, 1000]",-33.72266211620798,150.67407096076863,7.39,12.59,-0.21,0.45,56.21,0.00025,0.003,-0.006
980000000,"[1000, 1000, 1000, 1000]",-33.722660665747604,150.6740720967525,7.49,12.75,-0.21,0.42,56.2,0.00425,0.006,-0.008
48000000,"[1000, 1000, 1000, 1000]",-33.722659094783616,150.6740733279256,7.61,12.93,-0.21,0.39,56.18,0.0135,0.008,-0.002
92000000,"[1000, 1000, 1000, 1000]",-33.722657644598634,150.67407446539346,7.71,13.09,-0.21,0.36,56.17,-0.0032500000000000003,0.003,-0.003
148000000,"[1000, 1000, 1000, 1000]",-33.72265607302046,150.67407569920556,7.83,13.26,-0.21,0.34,56.16,-0.01125,0.0155,-0.00575
196000000,"[1000, 1000, 1000, 1000]",-33.72265462143015,150.67407683981676,7.93,13.42,-0.21,0.33,56.14,-0.00175,-0.014,-0.012750000000000001
224000000,"[1000, 1000, 1000, 1000]",-33.722653047555696,150.67407807742586,8.05,13.6,-0.2,0.33,56.13,-0.00625,0.0205,0.00825
268000000,"[1000, 1000, 1000, 1000]",-33.72265159338776,150.67407922153237,8.15,13.76,-0.19,0.34,56.11,0.0265,0.0235,-0.0022500000000000003
336000000,"[1000, 1000, 1000, 1000]",-33.72265001663974,150.6740804625358,8.27,13.94,-0.19,0.36,56.1,0.02075,0.00025,-0.00925
372000000,"[1000, 1000, 1000, 1000]",-33.7226485601764,150.67408160915258,8.37,14.1,-0.18,0.39,56.09,-0.00675,0.00575,-0.01425
440000000,"[1000, 1000, 1000, 1000]",-33.72264698178017,150.67408285204112,8.49,14.27,-0.18,0.43,56.07,0.004,0.0265,-0.0075
484000000,"[1000, 1000, 1000, 1000]",-33.722645524863296,150.67408399961005,8.6,14.43,-0.17,0.46,56.06,0.00475,0.01925,-0.02875
552000000,"[1000, 1000, 1000, 1000]",-33.72264394726157,150.67408524277772,8.71,14.61,-0.17,0.49,56.05,0.001,0.02625,-0.00625
600000000,"[1000, 1000, 1000, 1000]",-33.72264249217659,150.67408639007556,8.82,14.77,-0.17,0.51,56.03,0.0055,0.01875,-0.00875
616000000,"[1000, 1000, 1000, 1000]",-33.72264091744486,150.67408763259976,8.93,14.94,-0.16,0.53,56.02,0.0035,0.01925,-0.019
660000000,"[1000, 1000, 1000, 1000]",-33.72263946542547,150.67408877918044,9.04,15.11,-0.15,0.53,56.01,0.00475,-0.003,0.0032500000000000003
732000000,"[1000, 1000, 1000, 1000]",-33.72263789397189,150.67409002098805,9.15,15.28,-0.14,0.53,55.99,0.009000000000000001,0.01375,-0.01025
772000000,"[1000, 1000, 1000, 1000]",-33.72263644453877,150.67409116710002,9.26,15.44,-0.13,0.52,55.98,0.0185,0.00725,0.0015
844000000,"[1000, 1000, 1000, 1000]",-33.7226348750955,150.67409240871797,9.38,15.62,-0.12,0.51,55.97,0.008,0.001,-0.00175
892000000,"[1000, 1000, 1000, 1000]",-33.722633426662604,150.67409355501158,9.48,15.78,-0.11,0.49,55.95,0.001,0.0115,0.002
916000000,"[1000, 1000, 1000, 1000]",-33.72263185741656,150.67409479724972,9.6,15.95,-0.1,0.48,55.94,-0.007,0.0165,-0.01525
964000000,"[1000, 1000, 1000, 1000]",-33.72263040851246,150.6740959445121,9.7,16.11,-0.1,0.47,55.93,-0.007,-0.0045000000000000005,0.0032500000000000003
32000000,"[1000, 1000, 1000, 1000]",-33.72262883831201,150.67409718820304,9.82,16.28,-0.09,0.47,55.91,-0.0022500000000000003,-0.00075,-0.01725
68000000,"[1000, 1000, 1000, 1000]",-33.72262738836491,150.67409833712324,9.93,16.45,-0.08,0.47,55.9,0.01825,0.01625,-0.00925
140000000,"[1000, 1000, 1000, 1000]",-33.72262581708963,150.67409958285356,10.04,16.62,-0.07,0.48,55.88,-0.004,-0.0095,-0.01875
184000000,"[1000, 1000, 1000, 1000]",-33.72262436633891,150.6741007337604,10.15,16.78,-0.07,0.49,55.87,0.012750000000000001,0.0165,-0.0135
240000000,"[1000, 1000, 1000, 1000]",-33.722622794468485,150.67410198159894,10.26,16.96,-0.05,0.51,55.85,-0.003,0.00825,-0.0165
312000000,"[1000, 1000, 1000, 1000]",-33.7226213434293,150.6741031342683,10.37,17.12,-0.05,0.53,55.84,0.0055,0.02,0.00925
336000000,"[1000, 1000, 1000, 1000]",-33.72261977150388,150.67410438368015,10.49,17.29,-0.03,0.55,55.82,0.0025,0.00475,-0.00025
376000000,"[1000, 1000, 1000, 1000]",-33.722618320627106,150.674105537409,10.59,17.45,-0.02,0.57,55.81,-0.00275,0.025750000000000002,-0.01725
412000000,"[999, -999, 999, -999]",-33.722616760607295,150.6741066954178,10.7,17.62,-0.0,0.63,55.53,0.0185,0.06725,-0.30075
496000000,"[1000, 1000, 1000, 1000]",-33.72261533750897,150.67410753229703,10.78,17.78,0.01,0.92,53.87,0.027,0.1355,-0.7815
524000000,"[1000, 1000, 1000, 1000]",-33.722613784108695,150.67410838603644,10.86,17.95,-0.0,1.23,51.7,0.01225,0.10525,-0.759
608000000,"[1000, 1000, 1000, 1000]",-33.72261234063902,150.67410922097298,10.93,18.11,-0.04,1.42,49.24,0.015,0.038,-0.6915
636000000,"[1000, 1000, 1000, 1000]",-33.72261077531999,150.67411016802154,11.02,18.29,-0.05,1.42,47.3,0.0125,-0.00575,-0.633
680000000,"[1000, 1000, 1000, 1000]",-33.722609332785645,150.6741110770859,11.11,18.45,-0.05,1.3,45.65,0.0105,-0.05525,-0.6042500000000001
708000000,"[1000, 1000, 1000, 1000]",-33.72260777310566,150.67411209792738,11.2,18.62,-0.03,1.13,44.36,0.034,-0.07375,-0.5345
796000000,"[1000, 1000, 1000, 1000]",-33.72260633434516,150.67411307401503,11.29,18.78,0.01,0.81,42.58,0.007,-0.08175,-0.50825
828000000,"[1000, 1000, 1000, 1000]",-33.72260477352082,150.67411416996046,11.39,18.95,0.03,0.59,41.47,0.03,-0.09125,-0.4665
908000000,"[1000, 1000, 1000, 1000]",-33.72260332820143,150.67411521930498,11.49,19.11,0.06,0.33,40.12,0.0,-0.06575,-0.42575
936000000,"[1000, 1000, 1000, 1000]",-33.72260175609807,150.67411639910082,11.6,19.29,0.07,0.15,38.96,0.0055,-0.058,-0.42275
984000000,"[1000, 1000, 1000, 1000]",-33.72260029956637,150.67411752919335,11.7,19.45,0.05,0.02,37.79,-0.015,-0.032,-0.37775000000000003
16000000,"[1000, 1000, 1000, 1000]",-33.72259871826707,150.67411879854936,11.82,19.63,0.02,-0.02,36.77,-0.0165,0.01025,-0.362
88000000,"[1000, 1000, 1000, 1000]",-33.722597258851046,150.67412001156558,11.93,19.79,-0.02,0.01,35.74,-0.01525,0.0155,-0.34825
124000000,"[1000, 1000, 1000, 1000]",-33.722595682427304,150.67412136903866,12.06,19.96,-0.05,0.09,34.84,-0.0195,0.04275,-0.32475
164000000,"[1000, 1000, 1000, 1000]",-33.722594235307675,150.6741226599948,12.18,20.12,-0.08,0.23,33.93,-0.01825,0.05,-0.311
240000000,"[1000, 1000, 1000, 1000]",-33.722592679799625,150.6741240963015,12.31,20.3,-0.08,0.39,33.13,0.002,0.065,-0.293
288000000,"[1000, 1000, 1000, 1000]",-33.72259125742691,150.674125453298,12.44,20.45,-0.07,0.58,32.32,-0.0055,0.0635,-0.25025000000000003
316000000,"[1000, 1000, 1000, 1000]",-33.72258973253815,150.67412695242638,12.58,20.62,-0.04,0.76,31.61,0.018000000000000002,0.06425,-0.25075000000000003
388000000,"[1000, 1000, 1000, 1000]",-33.72258834027667,150.674128358544,12.71,20.78,-0.01,0.93,30.88,-0.0045000000000000005,0.051250000000000004,-0.24025
416000000,"[1000, 1000, 1000, 1000]",-33.722586848823234,150.67412990115957,12.85,20.94,0.02,1.06,30.25,0.005,0.043250000000000004,-0.21575
484000000,"[1000, 1000, 1000, 1000]",-33.72258548785817,150.67413133920238,12.98,21.09,0.03,1.16,29.59,0.0015,0.03075,-0.20550000000000002
516000000,"[1000, 1000, 1000, 1000]",-33.72258403108607,150.67413290931364,13.13,21.25,0.03,1.21,29.02,-0.00075,0.0105,-0.20275
592000000,"[1000, 1000, 1000, 1000]",-33.72258270335913,150.67413436850185,13.26,21.4,0.01,1.21,28.57,-0.00175,-0.017,-0.2025
620000000,"[1000, 1000, 1000, 1000]",-33.72258128425937,150.67413595990084,13.41,21.56,-0.02,1.13,27.79,0.00375,-0.01125,-0.20175
668000000,"[1000, 1000, 1000, 1000]",-33.72257999262606,150.6741374398896,13.55,21.7,-0.04,1.08,27.5,-0.0075,-0.027,-0.1785
736000000,"[1000, 1000, 1000, 1000]",-33.72257861314166,150.674139057533,13.7,21.86,-0.06,0.9,26.8,-0.014,-0.032,-0.1635
780000000,"[1000, 1000, 1000, 1000]",-33.7225773572813,150.67414056662668,13.84,21.99,-0.07,0.82,26.54,0.025500000000000002,-0.0535,-0.167
808000000,"[1000, 1000, 1000, 1000]",-33.72257601413973,150.67414222165903,13.99,22.14,-0.06,0.64,25.9,0.006500000000000001,-0.045,-0.16175
884000000,"[-1000, 1000, -1000, 1000]",-33.72257480331373,150.67414376545736,14.14,22.28,-0.04,0.56,25.59,0.017,-0.001,-0.0675
952000000,"[1000, 1000, 1000, 1000]",-33.72257368723499,150.67414540493218,14.29,22.4,0.01,0.67,26.14,-0.00275,0.06275,0.41675
996000000,"[1000, 1000, 1000, 1000]",-33.722572740765145,150.67414692475882,14.43,22.51,0.03,0.94,27.66,-0.0055,0.08875,0.489
20000000,"[1000, 1000, 1000, 1000]",-33.722571696212064,150.67414860793022,14.58,22.62,0.04,1.13,28.99,0.006,0.06925,0.45975
68000000,"[1000, 1000, 1000, 1000]",-33.722570719421526,150.6741501833757,14.73,22.73,0.05,1.24,30.02,-0.00075,0.05625,0.4435
144000000,"[1000, 1000, 1000, 1000]",-33.72256965186354,150.67415190435878,14.89,22.85,0.05,1.31,31.46,-0.00975,0.0075,0.38525
180000000,"[1000, 1000, 1000, 1000]",-33.72256866044394,150.67415350119524,15.04,22.96,0.04,1.3,32.35,-0.01325,-0.0185,0.358
248000000,"[1000, 1000, 1000, 1000]",-33.72256758144992,150.67415523753579,15.2,23.08,0.04,1.2,33.59,-0.00775,-0.02925,0.33375
292000000,"[1000, 1000, 1000, 1000]",-33.72256658104023,150.67415684578484,15.35,23.19,0.05,1.08,34.59,-0.0115,-0.0495,0.32325
320000000,"[1000, 1000, 1000, 1000]",-33.7225654916451,150.67415859441215,15.51,23.31,0.06,0.95,35.44,-0.00125,-0.051000000000000004,0.29075
364000000,"[1000, 1000, 1000, 1000]",-33.72256447960441,150.67416021491312,15.66,23.42,0.07,0.84,36.12,-0.00675,-0.04925,0.28125
436000000,"[1000, 1000, 1000, 1000]",-33.722563374758685,150.6741619775914,15.82,23.55,0.1,0.68,37.24,0.0165,-0.03975,0.2535
472000000,"[1000, 1000, 1000, 1000]",-33.7225623460216,150.67416361100334,15.97,23.66,0.11,0.62,37.82,-0.0032500000000000003,-0.021750000000000002,0.23225
540000000,"[1000, 1000, 1000, 1000]",-33.72256122130717,150.6741653866479,16.14,23.78,0.12,0.57,38.48,0.0125,0.0022500000000000003,0.2225
572000000,"[1000, 1000, 1000, 1000]",-33.72256017365461,150.6741670304535,16.29,23.9,0.12,0.56,39.15,0.0125,0.01375,0.20575000000000002
656000000,"[999, -999, 999, -999]",-33.722559032211805,150.67416868421063,16.45,24.03,0.13,0.67,39.39,0.0005,0.091,-0.09775
616000000,"[999, -999, 999, -999]",-33.72255793175879,150.6741699821062,16.57,24.15,0.12,1.05,38.24,-0.0095,0.16625,-0.63175
724000000,"[1000, 1000, 1000, 1000]",-33.72255670408445,150.67417132138647,16.69,24.29,0.08,1.46,36.4,-0.0022500000000000003,0.1515,-0.64325
772000000,"[1000, 1000, 1000, 1000]",-33.7225555652869,150.67417260663683,16.81,24.41,0.02,1.75,34.56,0.0075,0.06025,-0.599
836000000,"[1000, 1000, 1000, 1000]",-33.722554334608766,150.67417403987463,16.94,24.55,-0.03,1.85,32.99,-0.00025,0.00125,-0.5455
872000000,"[1000, 1000, 1000, 1000]",-33.72255320568818,150.67417539375293,17.07,24.67,-0.06,1.8,31.41,0.01575,-0.029,-0.497
940000000,"[1000, 1000, 1000, 1000]",-33.72255199159086,150.6741768905503,17.21,24.81,-0.06,1.64,30.06,0.025500000000000002,-0.06325,-0.4815
988000000,"[1000, 1000, 1000, 1000]",-33.7225508777013,150.67417829986118,17.34,24.93,-0.03,1.32,28.5,0.00925,-0.084,-0.438
16000000,"[1000, 1000, 1000, 1000]",-33.722549675341966,150.67417985829172,17.48,25.07,-0.01,1.09,27.53,0.025500000000000002,-0.09225,-0.40975
64000000,"[1000, 1000, 1000, 1000]",-33.72254856671691,150.67418132823985,17.62,25.19,0.02,0.78,26.35,0.012,-0.092,-0.37625000000000003
128000000,"[1000, 1000, 1000, 1000]",-33.72254736509774,150.6741829569508,17.77,25.32,0.02,0.53,25.33,-0.00775,-0.08675000000000001,-0.3695
168000000,"[1000, 1000, 1000, 1000]",-33.72254625518584,150.67418449536356,17.91,25.44,0.0,0.32,24.3,-0.001,-0.04125,-0.33225
232000000,"[1000, 1000, 1000, 1000]",-33.722545053645455,150.674186200837,18.07,25.58,-0.04,0.19,23.4,-0.02275,-0.016,-0.317
276000000,"[1000, 1000, 1000, 1000]",-33.72254394805527,150.67418781117718,18.22,25.7,-0.09,0.13,22.48,-0.01125,-0.0125,-0.30475
344000000,"[1000, 1000, 1000, 1000]",-33.72254275785205,150.67418959419913,18.38,25.83,-0.15,0.14,21.69,-0.0175,0.01875,-0.27325
392000000,"[1000, 1000, 1000, 1000]",-33.72254166942038,150.67419127425447,18.54,25.95,-0.19,0.22,20.88,-0.01025,0.05325,-0.269
420000000,"[1000, 1000, 1000, 1000]",-33.722540504344614,150.67419312875057,18.71,26.08,-0.21,0.35,20.18,-0.009000000000000001,0.06925,-0.244
496000000,"[1000, 1000, 1000, 1000]",-33.72253944362449,150.6741948689225,18.87,26.2,-0.21,0.56,19.35,0.0015,0.07675,-0.23225
528000000,"[1000, 1000, 1000, 1000]",-33.722538311300575,150.67419677972526,19.05,26.33,-0.19,0.72,18.82,0.02675,0.07125000000000001,-0.2335
572000000,"[1000, 1000, 1000, 1000]",-33.7225372815145,150.67419856177779,19.21,26.44,-0.15,0.96,18.08,0.0135,0.077,-0.201
648000000,"[1000, 1000, 1000, 1000]",-33.72253618215316,150.6742005056929,19.39,26.56,-0.13,1.1,17.61,0.01425,0.058,-0.20400000000000001
692000000,"[1000, 1000, 1000, 1000]",-33.72253518202127,150.67420230699196,19.56,26.67,-0.11,1.27,16.95,0.0185,0.03975,-0.18475
744000000,"[1000, 1000, 1000, 1000]",-33.72253411456617,150.67420426101594,19.74,26.79,-0.12,1.34,16.52,-0.008,0.025,-0.17550000000000002
788000000,"[1000, 1000, 1000, 1000]",-33.722533144669534,150.67420606434138,19.91,26.9,-0.14,1.37,15.92,-0.004,0.0025,-0.1615
816000000,"[1000, 1000, 1000, 1000]",-33.722532111813074,150.67420801649828,20.09,27.01,-0.17,1.33,15.54,0.0005,-0.01025,-0.1585
896000000,"[1000, 1000, 1000, 1000]",-33.72253117591092,150.67420981815386,20.26,27.12,-0.21,1.22,15.07,-0.0045000000000000005,-0.0405,-0.16425
924000000,"[1000, 1000, 1000, 1000]",-33.72253018165599,150.67421177250742,20.44,27.23,-0.23,1.07,14.65,0.01225,-0.052000000000000005,-0.14125000000000001
12000000,"[1000, 1000, 1000, 1000]",-33.72252928191834,150.6742135825975,20.61,27.33,-0.25,0.89,14.22,-0.00925,-0.0555,-0.123
36000000,"[1000, 1000, 1000, 1000]",-33.72252832573691,150.67421555465265,20.79,27.43,-0.24,0.72,13.84,0.008,-0.04725,-0.14375000000000002
84000000,"[1000, 1000, 1000, 1000]",-33.72252745862607,150.6742173890295,20.96,27.53,-0.21,0.54,13.39,0.01,-0.03375,-0.11900000000000001
112000000,"[1000, 1000, 1000, 1000]",-33.72252653391877,150.67421939456662,21.15,27.63,-0.19,0.45,13.1,0.0105,-0.0345,-0.1295
188000000,"[1000, 1000, 1000, 1000]",-33.72252569207256,150.674221264162,21.32,27.73,-0.17,0.39,12.75,-0.004,-0.014,-0.12375
220000000,"[1000, 1000, 1000, 1000]",-33.72252479141379,150.6742233093723,21.51,27.83,-0.15,0.38,12.43,-0.0022500000000000003,0.01,-0.10250000000000001
296000000,"[1000, 1000, 1000, 1000]",-33.72252397013786,150.674225214158,21.68,27.92,-0.16,0.43,12.1,-0.00875,0.02675,-0.1065
324000000,"[1000, 1000, 1000, 1000]",-33.72252309195851,150.67422729329368,21.88,28.01,-0.17,0.5,11.81,-0.0015,0.051000000000000004,-0.095
372000000,"[1000, 1000, 1000, 1000]",-33.72252229320062,150.67422922392964,22.06,28.1,-0.2,0.63,11.46,-0.01225,0.03725,-0.122
444000000,"[-1000, 1000, -1000, 1000]",-33.72252144645399,150.67423132167443,22.25,28.2,-0.22,0.75,11.21,0.00925,0.0565,-0.006500000000000001
488000000,"[-1000, 1000, -1000, 1000]",-33.7225208053349,150.67423317947961,22.42,28.27,-0.21,0.95,11.69,-0.00675,0.1165,0.4015
516000000,"[1000, 1000, 1000, 1000]",-33.72252025300947,150.67423511942476,22.6,28.33,-0.19,1.31,13.24,-0.01575,0.117,0.57875
596000000,"[1000, 1000, 1000, 1000]",-33.72251973690152,150.67423693277266,22.77,28.39,-0.17,1.58,14.93,-0.00975,0.0475,0.546
616000000,"[1000, 1000, 1000, 1000]",-33.722519167862515,150.67423891198266,22.95,28.45,-0.15,1.69,16.38,0.0175,0.0275,0.5035000000000001
660000000,"[1000, 1000, 1000, 1000]",-33.72251863515279,150.6742407441722,23.12,28.51,-0.13,1.66,17.83,-0.017750000000000002,-0.02525,0.46950000000000003
736000000,"[1000, 1000, 1000, 1000]",-33.72251805063831,150.67424273104749,23.31,28.57,-0.1,1.46,19.36,-0.0032500000000000003,-0.06675,0.43125
780000000,"[1000, 1000, 1000, 1000]",-33.722517503866925,150.67424456761088,23.48,28.63,-0.1,1.25,20.32,0.0035,-0.09,0.4165
832000000,"[1000, 1000, 1000, 1000]",-33.72251690264234,150.67424656337016,23.66,28.7,-0.1,0.98,21.39,-0.00525,-0.08525,0.37925000000000003
872000000,"[1000, 1000, 1000, 1000]",-33.72251633830612,150.67424841523183,23.83,28.76,-0.1,0.67,22.47,-0.00025,-0.09375,0.3615
944000000,"[1000, 1000, 1000, 1000]",-33.722515715623636,150.67425043583447,24.02,28.83,-0.1,0.36,23.63,-0.0105,-0.0775,0.293
984000000,"[1000, 1000, 1000, 1000]",-33.72251512956319,150.67425231680278,24.2,28.9,-0.11,0.2,24.35,0.00025,-0.0535,0.29425
52000000,"[1000, 1000, 1000, 1000]",-33.72251448179022,150.67425437282688,24.39,28.97,-0.1,0.07,25.16,0.00025,-0.03025,0.295
80000000,"[1000, 1000, 1000, 1000]",-33.72251387154663,150.6742562872866,24.56,29.04,-0.1,0.01,25.8,0.01175,-0.00575,0.28525
112000000,"[1000, 1000, 1000, 1000]",-33.72251319681852,150.67425837762858,24.76,29.11,-0.08,0.01,26.71,0.013000000000000001,0.02675,0.26275
200000000,"[1000, 1000, 1000, 1000]",-33.72251256132522,150.67426031989478,24.94,29.18,-0.07,0.07,27.27,0.005,0.04275,0.2465
224000000,"[1000, 1000, 1000, 1000]",-33.7225118593894,150.6742624344198,25.13,29.26,-0.04,0.25,28.22,0.001,0.0695,0.225
272000000,"[1000, 1000, 1000, 1000]",-33.722511199626545,150.67426439241484,25.32,29.33,-0.03,0.38,28.71,0.013000000000000001,0.06375,0.1935
340000000,"[1000, 1000, 1000, 1000]",-33.72251047332652,150.67426651608892,25.51,29.41,-0.03,0.6,29.4,-0.00075,0.04925,0.20325000000000001
380000000,"[1000, 1000, 1000, 1000]",-33.72250979384502,150.67426847500082,25.69,29.49,-0.03,0.7,29.71,-0.0035,0.063,0.181
448000000,"[1000, 1000, 1000, 1000]",-33.72250905013743,150.67427059173292,25.89,29.57,-0.03,0.9,30.34,0.00375,0.07200000000000001,0.16425
488000000,"[1000, 1000, 1000, 1000]",-33.722508358703664,150.67427253758623,26.07,29.65,-0.04,1.01,30.73,-0.006500000000000001,0.044,0.17075
564000000,"[1000, 1000, 1000, 1000]",-33.722507606358555,150.67427463426017,26.26,29.73,-0.05,1.1,31.29,-0.00525,0.021750000000000002,0.17975
520000000,"[1000, 1000, 1000, 1000]",-33.722506910129624,150.67427655775555,26.44,29.81,-0.05,1.12,31.64,0.0055,0.021750000000000002,0.152
640000000,"[1000, 1000, 1000, 1000]",-33.722506154502135,150.67427862824374,26.64,29.89,-0.04,1.06,32.23,0.0005,0.003,0.1445
676000000,"[1000, 1000, 1000, 1000]",-33.72250545528059,150.67428052795012,26.81,29.97,-0.03,0.98,32.54,-0.00675,-0.01425,0.11525
744000000,"[1000, 1000, 1000, 1000]",-33.722504694496564,150.6742825755023,27.0,30.05,-0.02,0.85,32.89,0.00575,-0.04475,0.1225
788000000,"[1000, 1000, 1000, 1000]",-33.72250398730288,150.67428445849927,27.18,30.13,-0.01,0.68,33.25,0.00475,-0.051250000000000004,0.11950000000000001
864000000,"[1000, 1000, 1000, 1000]",-33.72250321344181,150.6742864941613,27.36,30.22,-0.0,0.52,33.57,0.011,-0.052000000000000005,0.10300000000000001
816000000,"[1000, 1000, 1000, 1000]",-33.72250248993205,150.67428837235985,27.54,30.3,0.0,0.35,33.94,-0.0055,-0.05375,0.10475
948000000,"[1000, 1000, 1000, 1000]",-33.7225016944251,150.67429040903008,27.73,30.39,0.0,0.27,34.18,0.0035,-0.03825,0.08650000000000001
996000000,"[1000, 1000, 1000, 1000]",-33.72250094839814,150.6742922926298,27.9,30.47,0.0,0.2,34.52,0.0015,-0.00625,0.10200000000000001
16000000,"[1000, 1000, 1000, 1000]",-33.72250012734634,150.6742943379032,28.09,30.56,-0.0,0.19,34.73,0.00375,0.00525,0.0795
64000000,"[1000, 1000, 1000, 1000]",-33.72249935812989,150.67429622979287,28.27,30.65,-0.0,0.23,34.99,0.00175,0.0305,0.09375
132000000,"[1000, 1000, 1000, 1000]",-33.7224985137297,150.67429828203896,28.46,30.74,-0.0,0.3,35.22,-0.012750000000000001,0.04125,0.07125000000000001
168000000,"[1000, 1000, 1000, 1000]",-33.72249772539597,150.6743001767688,28.63,30.83,0.0,0.4,35.46,-0.0022500000000000003,0.03325,0.05475
236000000,"[1000, 1000, 1000, 1000]",-33.72249686326867,150.67430222701483,28.82,30.92,0.01,0.49,35.67,0.017750000000000002,0.035750000000000004,0.07075000000000001
280000000,"[1000, 1000, 1000, 1000]",-33.72249606120133,150.67430411493362,29.0,31.01,0.02,0.59,35.89,-0.00175,0.0195,0.077
352000000,"[1000, 1000, 1000, 1000]",-33.72249518657779,150.67430615291903,29.19,31.11,0.03,0.65,36.04,0.009000000000000001,0.03,0.05225
308000000,"[1000, 1000, 1000, 1000]",-33.722494374615245,150.67430802601478,29.36,31.2,0.03,0.72,36.27,0.004,0.01,0.07375
432000000,"[741, 741, 741, 741]",-33.722493492709475,150.67431004190587,29.55,31.3,0.04,0.74,36.44,0.0085,0.027,0.05525
472000000,"[0, 0, 0, 0]",-33.72249270575586,150.6743118473248,29.71,31.38,0.05,0.81,36.62,0.0025,0.0475,0.062
532000000,"[0, 0, 0, 0]",-33.722491929697064,150.67431366603654,29.88,31.47,0.06,1.03,36.77,0.01175,0.121,0.0575
580000000,"[0, 0, 0, 0]",-33.72249127657202,150.67431522630505,30.03,31.54,0.07,1.41,36.94,0.0035,0.145,0.0455
648000000,"[0, 0, 0, 0]",-33.72249063151354,150.6743167985252,30.17,31.61,0.07,1.82,37.08,-0.01425,0.159,0.05625
692000000,"[0, 0, 0, 0]",-33.72249009134157,150.67431814632556,30.3,31.67,0.06,2.24,37.23,0.00825,0.14250000000000002,0.0485
720000000,"[0, 0, 0, 0]",-33.722489564626656,150.6743194990995,30.42,31.73,0.05,2.56,37.36,0.00925,0.10200000000000001,0.051750000000000004
764000000,"[0, 0, 0, 0]",-33.722489131041904,150.6743206532719,30.53,31.78,0.03,2.79,37.49,-0.013000000000000001,0.04925,0.0525
832000000,"[0, 0, 0, 0]",-33.722488715817654,150.674321807406,30.64,31.83,0.03,2.86,37.61,-0.00575,0.01175,0.043500000000000004
868000000,"[0, 0, 0, 0]",-33.72248837926928,150.67432279087072,30.73,31.86,0.03,2.78,37.74,-0.00975,-0.03875,0.04125
940000000,"[0, 0, 0, 0]",-33.72248805966007,150.67432377695891,30.82,31.9,0.04,2.59,37.85,-0.0085,-0.07775,0.0275
8000000,"[999, -999, 999, -999]",-33.72248778660537,150.67432461142093,30.9,31.93,0.05,2.22,37.84,0.00175,-0.1205,-0.13
32000000,"[999, -999, 999, -999]",-33.72248741514607,150.6743253619109,30.97,31.97,0.03,1.93,37.06,0.00925,-0.12275,-0.50325
76000000,"[999, -999, 999, -999]",-33.72248696923328,150.67432591152962,31.02,32.02,-0.0,1.54,34.77,0.02775,-0.113,-0.973
112000000,"[999, -999, 999, -999]",-33.72248637382904,150.67432639460674,31.06,32.09,-0.03,1.2,31.5,0.03075,-0.1225,-1.3645
196000000,"[999, -999, 999, -999]",-33.72248572348829,150.67432678053052,31.1,32.16,-0.02,0.86,26.13,0.037,-0.0845,-1.74
224000000,"[0, 0, 0, 0]",-33.72248494535074,150.67432719395126,31.14,32.24,0.02,0.7,21.98,0.05425,-0.04975,-1.79
296000000,"[1000, 1000, 1000, 1000]",-33.72248427095078,150.67432763571634,31.18,32.32,0.11,0.57,16.37,0.043000000000000003,-0.035250000000000004,-1.5150000000000001
332000000,"[1000, 1000, 1000, 1000]",-33.72248356414934,150.67432828181387,31.24,32.4,0.15,0.49,13.71,0.0325,-0.04725,-1.39125
380000000,"[1000, 1000, 1000, 1000]",-33.72248292179163,150.67432907750458,31.31,32.47,0.22,0.2,9.25,0.024,-0.097,-1.227
408000000,"[1000, 1000, 1000, 1000]",-33.72248223913961,150.67433013829418,31.41,32.55,0.28,-0.2,5.35,0.01125,-0.101,-1.07675
488000000,"[-1000, 1000, -1000, 1000]",-33.7224816316226,150.6743312827672,31.52,32.61,0.29,-0.46,3.01,-0.0035,-0.099,-0.9485
520000000,"[-1000, 1000, -1000, 1000]",-33.72248113276499,150.67433255538256,31.63,32.67,0.28,-0.59,1.25,-0.00275,0.006,-0.38875
608000000,"[1000, 1000, 1000, 1000]",-33.72248084538042,150.6743337114728,31.74,32.7,0.21,-0.41,0.96,-0.03,0.10275000000000001,0.14925
640000000,"[1000, 1000, 1000, 1000]",-33.722480649494905,150.67433500481707,31.86,32.72,0.11,-0.06,1.82,-0.041,0.1405,0.3315
688000000,"[1000, 1000, 1000, 1000]",-33.7224804685643,150.67433633260842,31.98,32.74,0.02,0.28,2.79,-0.02525,0.10350000000000001,0.314
712000000,"[1000, 1000, 1000, 1000]",-33.72248027389367,150.67433789320734,32.13,32.76,-0.02,0.49,3.62,0.0032500000000000003,0.07200000000000001,0.28525
792000000,"[0, 0, 0, 0]",-33.722480103710964,150.67433935007955,32.26,32.78,0.04,0.72,4.59,0.026000000000000002,0.07575,0.271
824000000,"[749, 749, 749, 749]",-33.72247992622366,150.67434086218296,32.4,32.8,0.1,0.96,5.19,0.0275,0.113,0.277
868000000,"[1000, 1000, 1000, 1000]",-33.7224797565082,150.67434230226766,32.54,32.82,0.19,1.17,5.93,0.025500000000000002,0.04225,0.24825
932000000,"[1000, 1000, 1000, 1000]",-33.722479560720956,150.6743439429806,32.69,32.84,0.27,1.2,6.57,-0.001,-0.012750000000000001,0.24325
976000000,"[1000, 1000, 1000, 1000]",-33.72247936621536,150.674345521507,32.84,32.86,0.32,1.06,7.22,0.00725,-0.045,0.195
48000000,"[1000, 1000, 1000, 1000]",-33.72247913927813,150.67434729320007,33.0,32.89,0.31,0.83,7.78,-0.01425,-0.0775,0.1885
88000000,"[1000, 1000, 1000, 1000]",-33.72247891559591,150.6743489824015,33.16,32.91,0.27,0.52,8.36,-0.0135,-0.1095,0.17225000000000001
140000000,"[1000, 1000, 1000, 1000]",-33.72247866070374,150.67435086941254,33.33,32.94,0.18,0.15,8.97,-0.038,-0.08175,0.182
176000000,"[1000, 1000, 1000, 1000]",-33.722478417251544,150.67435266310645,33.5,32.97,0.12,-0.07,9.36,-0.0195,-0.07475,0.1625
248000000,"[1000, 1000, 1000, 1000]",-33.722478148198434,150.67435466052777,33.68,33.0,0.05,-0.31,9.9,0.0,-0.061,0.15375
284000000,"[1000, 1000, 1000, 1000]",-33.72247789688586,150.6743565512586,33.86,33.03,0.04,-0.4,10.25,0.006500000000000001,-0.0235,0.14150000000000001
348000000,"[1000, 1000, 1000, 1000]",-33.72247762171034,150.67435864542495,34.05,33.06,0.07,-0.44,10.64,0.0095,0.00625,0.1475
384000000,"[1000, 1000, 1000, 1000]",-33.7224773636733,150.67436061535864,34.23,33.09,0.12,-0.4,11.04,0.021,0.02425,0.122
412000000,"[1000, 1000, 1000, 1000]",-33.722477077187264,150.6743627826442,34.43,33.12,0.2,-0.26,11.47,0.015,0.068,0.10775
452000000,"[1000, 1000, 1000, 1000]",-33.72247680386184,150.674364807623,34.62,33.15,0.23,-0.17,11.66,0.017750000000000002,0.06725,0.10675
520000000,"[1000, 1000, 1000, 1000]",-33.722476496219215,150.6743670210025,34.83,33.18,0.28,0.07,12.05,0.010750000000000001,0.08325,0.113
568000000,"[1000, 1000, 1000, 1000]",-33.72247620129191,150.6743690764644,35.02,33.21,0.27,0.3,12.36,-0.003,0.09675,0.0945
640000000,"[1000, 1000, 1000, 1000]",-33.72247587154544,150.67437131059106,35.23,33.25,0.24,0.51,12.64,-0.0015,0.066,0.097
680000000,"[1000, 1000, 1000, 1000]",-33.72247556069898,150.67437337477176,35.42,33.29,0.2,0.68,12.86,-0.00975,0.07875,0.07875
748000000,"[1000, 1000, 1000, 1000]",-33.7224752211259,150.67437560823316,35.62,33.32,0.13,0.89,13.17,-0.006500000000000001,0.07175000000000001,0.09325
788000000,"[1000, 1000, 1000, 1000]",-33.722474908574185,150.67437766377338,35.81,33.36,0.08,1.0,13.42,-0.00925,0.04225,0.06425
864000000,"[1000, 1000, 1000, 1000]",-33.722474573531755,150.6743798810239,36.02,33.4,0.06,1.05,13.64,-0.007,0.0085,0.09075
816000000,"[1000, 1000, 1000, 1000]",-33.72247426814186,150.6743819173829,36.21,33.43,0.07,1.04,13.81,0.01825,-0.00625,0.07125000000000001
936000000,"[1000, 1000, 1000, 1000]",-33.7224739402184,150.67438411215412,36.41,33.47,0.12,0.91,14.11,0.0155,-0.029750000000000002,0.08825
976000000,"[1000, 1000, 1000, 1000]",-33.722473637729635,150.67438612911099,36.6,33.5,0.15,0.79,14.27,0.01375,-0.046,0.064
40000000,"[1000, 1000, 1000, 1000]",-33.722473306866185,150.6743883075434,36.8,33.54,0.19,0.63,14.44,0.01025,-0.05825,0.074
88000000,"[1000, 1000, 1000, 1000]",-33.72247299572627,150.67439031615666,36.99,33.57,0.22,0.44,14.63,-0.00475,-0.0495,0.04975
160000000,"[1000, 1000, 1000, 1000]",-33.7224726503753,150.67439249453398,37.19,33.61,0.21,0.28,14.78,-0.00875,-0.04125,0.051750000000000004
192000000,"[1000, 1000, 1000, 1000]",-33.72247232339382,150.6743945116685,37.38,33.64,0.19,0.15,14.95,-0.02675,-0.03325,0.06175
240000000,"[1000, 1000, 1000, 1000]",-33.72247196112221,150.67439670734277,37.58,33.69,0.14,0.08,15.09,-0.00375,-0.01375,0.05225
284000000,"[1000, 1000, 1000, 1000]",-33.72247162095533,150.67439874553256,37.77,33.72,0.1,0.08,15.24,-0.00775,0.002,0.03775
348000000,"[1000, 1000, 1000, 1000]",-33.72247124836636,150.67440096593833,37.97,33.76,0.06,0.13,15.37,-0.016,0.02625,0.05275
396000000,"[1000, 1000, 1000, 1000]",-33.722470902302966,150.67440302521194,38.16,33.8,0.05,0.23,15.5,0.03325,0.05425,0.03925
420000000,"[1000, 1000, 1000, 1000]",-33.722470526057485,150.67440526311444,38.37,33.84,0.05,0.35,15.61,0.01925,0.0445,0.03925
468000000,"[1000, 1000, 1000, 1000]",-33.72247017749676,150.6744073315207,38.56,33.88,0.08,0.49,15.73,0.0185,0.03775,0.04475
536000000,"[1000, 1000, 1000, 1000]",-33.722469797712556,150.6744095708688,38.77,33.93,0.11,0.61,15.84,0.01425,0.05025,0.04425
572000000,"[1000, 1000, 1000, 1000]",-33.72246944407587,150.67441163336557,38.96,33.96,0.14,0.72,15.94,0.0025,0.0445,0.02275
636000000,"[1000, 1000, 1000, 1000]",-33.72246905662717,150.67441386024876,39.17,34.01,0.15,0.79,16.04,-0.0035,0.035750000000000004,0.03125
672000000,"[1000, 1000, 1000, 1000]",-33.72246869457647,150.67441590787925,39.36,34.05,0.15,0.83,16.14,-0.00475,0.00525,0.0185
744000000,"[1000, 1000, 1000, 1000]",-33.72246829792637,150.67441811767506,39.56,34.09,0.13,0.84,16.22,-0.01225,0.003,0.027
788000000,"[1000, 1000, 1000, 1000]",-33.72246792864276,150.67442015073007,39.75,34.13,0.09,0.82,16.31,-0.0045000000000000005,-0.01225,0.035250000000000004
812000000,"[1000, 1000, 1000, 1000]",-33.722467526578335,150.67442234769362,39.96,34.18,0.05,0.78,16.39,-0.00925,-0.00975,0.015
856000000,"[1000, 1000, 1000, 1000]",-33.72246715472877,150.67442437236429,40.14,34.22,0.02,0.72,16.46,-0.01,-0.029500000000000002,0.027
932000000,"[1000, 1000, 1000, 1000]",-33.722466751805015,150.67442656401417,40.35,34.26,0.01,0.65,16.53,0.00725,-0.017750000000000002,0.02825
968000000,"[1000, 1000, 1000, 1000]",-33.72246637965995,150.6744285867833,40.53,34.3,0.01,0.58,16.62,-0.005,-0.025500000000000002,0.025750000000000002
32000000,"[1000, 1000, 1000, 1000]",-33.72246597529315,150.6744307788688,40.74,34.35,0.02,0.54,16.66,0.01925,-0.00975,0.02325
80000000,"[1000, 1000, 1000, 1000]",-33.7224655995314,150.6744328037018,40.92,34.39,0.05,0.47,16.73,0.0095,-0.00175,0.0225
112000000,"[1000, 1000, 1000, 1000]",-33.722465188080065,150.67443499930673,41.13,34.44,0.07,0.44,16.79,-0.002,-0.0205,0.00975
200000000,"[1000, 1000, 1000, 1000]",-33.722464803037454,150.6744370282927,41.32,34.48,0.08,0.43,16.85,0.0105,0.00775,0.01575
228000000,"[1000, 1000, 1000, 1000]",-33.72246437958796,150.67443922915703,41.52,34.53,0.07,0.43,16.9,-0.003,0.0025,0.02625
296000000,"[1000, 1000, 1000, 1000]",-33.72246398307709,150.67444126344205,41.71,34.57,0.05,0.46,16.96,-0.00775,0.00625,0.024
328000000,"[1000, 1000, 1000, 1000]",-33.72246354843202,150.6744434700399,41.91,34.62,0.03,0.5,17.0,-0.006500000000000001,0.02875,0.01675
400000000,"[1000, 1000, 1000, 1000]",-33.7224631438786,150.67444550895587,42.1,34.66,-0.01,0.58,17.06,-0.010750000000000001,0.03025,0.010750000000000001
428000000,"[1000, 1000, 1000, 1000]",-33.72246270357606,150.6744477189664,42.31,34.71,-0.03,0.63,17.09,-0.0235,0.03475,0.015
472000000,"[309, -309, 309, -309]",-33.72246229693736,150.67444973305905,42.49,34.76,-0.04,0.72,17.11,0.01625,0.06675,-0.029500000000000002
548000000,"[1000, 1000, 1000, 1000]",-33.722461846364915,150.67445174404918,42.68,34.81,-0.02,0.97,16.77,-0.0085,0.12375,-0.215
596000000,"[1000, 1000, 1000, 1000]",-33.72246141443644,150.67445353852054,42.85,34.85,-0.02,1.32,16.05,-0.01325,0.10350000000000001,-0.23500000000000001
620000000,"[1000, 1000, 1000, 1000]",-33.72246094388077,150.67445550879228,43.03,34.91,-0.03,1.51,15.41,-0.00775,0.0425,-0.23475000000000001
692000000,"[1000, 1000, 1000, 1000]",-33.722460509909396,150.6744573414095,43.2,34.96,-0.04,1.56,14.77,-0.0175,-0.011,-0.20375000000000001
724000000,"[1000, 1000, 1000, 1000]",-33.72246004132886,150.67445933587396,43.38,35.01,-0.05,1.47,14.2,0.01025,-0.041,-0.20400000000000001
796000000,"[1000, 1000, 1000, 1000]",-33.7224596101754,150.67446118462172,43.56,35.05,-0.06,1.23,13.55,0.005,-0.07925,-0.19275
820000000,"[1000, 1000, 1000, 1000]",-33.722459143768056,150.67446319872312,43.74,35.11,-0.06,0.94,13.01,0.0115,-0.0975,-0.1915
872000000,"[1000, 1000, 1000, 1000]",-33.7224587128739,150.6744650726934,43.92,35.15,-0.07,0.67,12.55,0.005,-0.069,-0.17375000000000002
952000000,"[1000, 1000, 1000, 1000]",-33.722458244745816,150.6744671238416,44.11,35.21,-0.07,0.45,12.18,0.00275,-0.08525,-0.161
992000000,"[1000, 1000, 1000, 1000]",-33.722457810978966,150.67446903996085,44.28,35.25,-0.08,0.23,11.73,-0.00575,-0.047,-0.15675
20000000,"[1000, 1000, 1000, 1000]",-33.722457339375616,150.67447114215895,44.48,35.31,-0.09,0.07,11.24,0.01175,-0.02875,-0.12825
104000000,"[1000, 1000, 1000, 1000]",-33.722456903040005,150.6744731067407,44.66,35.36,-0.1,0.03,10.93,0.00425,-0.01675,-0.14350000000000002
132000000,"[1000, 1000, 1000, 1000]",-33.72245643021336,150.67447525911732,44.86,35.41,-0.12,0.04,10.57,0.0045000000000000005,0.01675,-0.12675
180000000,"[0, 0, 0, 0]",-33.722455997438274,150.67447725372463,45.04,35.46,-0.13,0.12,10.21,-0.001,0.0565,-0.12925
248000000,"[0, 0, 0, 0]",-33.722455554417884,150.67447928805998,45.23,35.5,-0.12,0.4,9.89,0.007,0.14725,-0.123
284000000,"[0, 0, 0, 0]",-33.722455167868986,150.6744810349126,45.4,35.55,-0.11,0.8,9.64,-0.007,0.1895,-0.11525
316000000,"[0, 0, 0, 0]",-33.72245477090982,150.6744827964738,45.56,35.59,-0.12,1.55,9.28,-0.0175,0.232,-0.106
396000000,"[1000, 1000, 1000, 1000]",-33.72245442364401,150.67448430541447,45.7,35.63,-0.13,2.24,8.99,-0.004,0.226,-0.10300000000000001
424000000,"[1000, 1000, 1000, 1000]",-33.72245405046071,150.6744859226241,45.85,35.67,-0.17,2.71,8.73,-0.00575,0.133,-0.089
472000000,"[1000, 1000, 1000, 1000]",-33.72245370618518,150.67448745526454,45.99,35.71,-0.21,2.87,8.47,-0.012,0.005,-0.07775
548000000,"[200, 200, 200, 200]",-33.72245333754169,150.6744891365753,46.15,35.75,-0.23,2.63,8.18,0.003,-0.1075,-0.0885
580000000,"[200, 200, 200, 200]",-33.722453011152886,150.67449062750862,46.28,35.79,-0.23,2.44,8.05,0.01325,-0.11925000000000001,-0.08125
612000000,"[200, 200, 200, 200]",-33.72245267549437,150.6744921448554,46.42,35.82,-0.22,2.02,7.79,0.00975,-0.10725,-0.0795
688000000,"[1000, 1000, 1000, 1000]",-33.72245237031566,150.67449354588481,46.55,35.86,-0.19,1.61,7.58,0.014750000000000001,-0.16325,-0.0635
716000000,"[1000, 1000, 1000, 1000]",-33.72245203426314,150.67449514025031,46.7,35.9,-0.16,0.98,7.35,0.00775,-0.19975,-0.075
760000000,"[1000, 1000, 1000, 1000]",-33.72245171769534,150.67449668274907,46.85,35.93,-0.15,0.66,7.24,-0.00075,-0.2005,-0.05675
856000000,"[1000, 1000, 1000, 1000]",-33.722451367040065,150.67449843202704,47.01,35.97,-0.14,-0.0,7.03,-0.0045000000000000005,-0.16325,-0.069
816000000,"[1000, 1000, 1000, 1000]",-33.72245103645888,150.67450012026774,47.16,36.01,-0.16,-0.38,6.89,-0.011,-0.14100000000000001,-0.04
924000000,"[1000, 1000, 1000, 1000]",-33.722450672136105,150.67450202900258,47.34,36.05,-0.2,-0.84,6.66,-0.01525,-0.06725,-0.056
972000000,"[1000, 1000, 1000, 1000]",-33.72245033193562,150.67450386283403,47.51,36.08,-0.23,-0.94,6.54,-0.02225,-0.0055,-0.038
44000000,"[1000, 1000, 1000, 1000]",-33.72244996146696,150.67450592279576,47.7,36.13,-0.26,-0.88,6.36,-0.00725,0.0635,-0.035
80000000,"[1000, 1000, 1000, 1000]",-33.72244961968086,150.67450788499946,47.88,36.16,-0.27,-0.77,6.29,-0.01,0.081,-0.0565
144000000,"[1000, 1000, 1000, 1000]",-33.72244925131844,150.6745100654349,48.09,36.2,-0.27,-0.38,6.13,-0.001,0.13275,-0.04275
192000000,"[1000, 1000, 1000, 1000]",-33.722448913975036,150.6745121164041,48.28,36.24,-0.26,-0.05,6.02,-0.00825,0.15,-0.05325
220000000,"[1000, 1000, 1000, 1000]",-33.72244855177863,150.67451436476762,48.48,36.28,-0.24,0.5,5.88,0.00275,0.16675,-0.0455
268000000,"[1000, 1000, 1000, 1000]",-33.72244822035304,150.67451645127278,48.68,36.32,-0.22,0.86,5.78,0.0185,0.1655,-0.029
344000000,"[1000, 1000, 1000, 1000]",-33.722447864232656,150.67451871037332,48.89,36.36,-0.19,1.4,5.63,0.0035,0.11825000000000001,-0.0505
376000000,"[1000, 1000, 1000, 1000]",-33.72244753818692,150.67452078499872,49.08,36.39,-0.19,1.61,5.54,-0.01425,0.08525,-0.04775
452000000,"[1000, 1000, 1000, 1000]",-33.72244718825022,150.67452301379657,49.29,36.43,-0.2,1.77,5.42,0.00675,0.00975,-0.029750000000000002
412000000,"[1000, 1000, 1000, 1000]",-33.72244686894304,150.6745250508564,49.47,36.47,-0.22,1.78,5.35,-0.01,0.0015,-0.04025
520000000,"[1000, 1000, 1000, 1000]",-33.72244652798953,150.67452723603344,49.68,36.51,-0.24,1.68,5.26,0.001,-0.05375,-0.0375
568000000,"[1000, 1000, 1000, 1000]",-33.7224462185684,150.67452923646536,49.86,36.54,-0.26,1.46,5.17,-0.00375,-0.07525,-0.019
640000000,"[1000, 1000, 1000, 1000]",-33.722445889478365,150.67453139172,50.06,36.58,-0.27,1.2,5.09,-0.00625,-0.093,-0.0365
676000000,"[1000, 1000, 1000, 1000]",-33.722445591127006,150.67453337696708,50.25,36.61,-0.27,0.88,5.0,0.0025,-0.09025,-0.0395
740000000,"[1000, 1000, 1000, 1000]",-33.72244527292329,150.67453553078948,50.45,36.65,-0.25,0.6,4.93,-0.00575,-0.0895,-0.036000000000000004
788000000,"[1000, 1000, 1000, 1000]",-33.72244498265326,150.67453752806884,50.63,36.68,-0.23,0.32,4.85,0.003,-0.0785,-0.03025
812000000,"[1000, 1000, 1000, 1000]",-33.72244467052525,150.67453970712901,50.83,36.71,-0.22,0.14,4.78,0.014750000000000001,-0.038,-0.03675
860000000,"[1000, 1000, 1000, 1000]",-33.72244438350219,150.6745417358768,51.02,36.74,-0.2,0.02,4.71,0.00625,-0.011,-0.02925
916000000,"[1000, 1000, 1000, 1000]",-33.722444073093975,150.6745439538013,51.23,36.78,-0.19,0.0,4.65,0.009000000000000001,0.0055,-0.0235
996000000,"[1000, 1000, 1000, 1000]",-33.722443787064016,150.6745460189957,51.42,36.81,-0.2,0.08,4.58,-0.0022500000000000003,0.045,-0.032
20000000,"[1000, 1000, 1000, 1000]",-33.72244347838202,150.67454827292352,51.63,36.84,-0.21,0.2,4.53,-0.016,0.077,-0.01125
64000000,"[1000, 1000, 1000, 1000]",-33.72244319550657,150.67455036496617,51.82,36.88,-0.22,0.39,4.47,-0.006500000000000001,0.069,-0.01625
132000000,"[1000, 1000, 1000, 1000]",-33.722442892501405,150.67455263853643,52.03,36.91,-0.24,0.59,4.41,-0.0035,0.0765,-0.02725
168000000,"[1000, 1000, 1000, 1000]",-33.72244261690209,150.67455473883683,52.23,36.94,-0.24,0.84,4.35,-0.004,0.08575,-0.01925
236000000,"[1000, 1000, 1000, 1000]",-33.72244232336369,150.67455701064986,52.44,36.97,-0.24,0.98,4.31,-0.0025,0.06425,0.001
288000000,"[1000, 1000, 1000, 1000]",-33.72244205708663,150.67455910050137,52.63,37.0,-0.22,1.15,4.25,-0.0115,0.056,-0.0035
316000000,"[1000, 1000, 1000, 1000]",-33.72244177324812,150.6745613535617,52.84,37.03,-0.21,1.21,4.21,-0.00525,0.022,-0.017750000000000002
396000000,"[1000, 1000, 1000, 1000]",-33.72244151484559,150.67456342175072,53.03,37.06,-0.19,1.24,4.16,0.0155,0.006,-0.0245
428000000,"[1000, 1000, 1000, 1000]",-33.72244123801808,150.67456564974577,53.24,37.09,-0.18,1.2,4.12,0.010750000000000001,-0.0045000000000000005,-0.01125
512000000,"[1000, 1000, 1000, 1000]",-33.72244098480422,150.67456769613284,53.43,37.12,-0.17,1.11,4.08,-0.00675,-0.04275,-0.02625
540000000,"[1000, 1000, 1000, 1000]",-33.72244071271816,150.67456990474247,53.63,37.15,-0.17,0.99,4.04,0.0165,-0.0385,-0.0175
584000000,"[1000, 1000, 1000, 1000]",-33.722440463680215,150.6745719390309,53.82,37.18,-0.17,0.84,4.0,-0.0032500000000000003,-0.043500000000000004,-0.02775
616000000,"[1000, 1000, 1000, 1000]",-33.722440196506874,150.674574142003,54.02,37.21,-0.18,0.7,3.96,0.006,-0.04475,0.008
692000000,"[1000, 1000, 1000, 1000]",-33.72243995266577,150.67457617817468,54.21,37.24,-0.18,0.55,3.92,-0.0245,-0.032,-0.011
724000000,"[1000, 1000, 1000, 1000]",-33.722439691816035,150.67457839015916,54.42,37.26,-0.19,0.45,3.89,-0.00825,-0.04225,-0.021500000000000002
796000000,"[1000, 1000, 1000, 1000]",-33.72243945414064,150.67458043976504,54.61,37.29,-0.18,0.38,3.85,0.0015,-0.00375,-0.03225
824000000,"[1000, 1000, 1000, 1000]",-33.72243919979895,150.67458266983854,54.82,37.32,-0.17,0.35,3.82,-0.0025,0.014,-0.00975
872000000,"[1000, 1000, 1000, 1000]",-33.72243896751078,150.67458473735445,55.01,37.34,-0.15,0.38,3.78,0.0005,0.03225,-0.0115
912000000,"[1000, 1000, 1000, 1000]",-33.7224387180179,150.6745869858499,55.22,37.37,-0.14,0.42,3.76,0.017750000000000002,0.0285,-0.0155
996000000,"[1000, 1000, 1000, 1000]",-33.72243848928898,150.67458906762573,55.41,37.4,-0.12,0.51,3.72,0.00425,0.04675,0.00275
24000000,"[1000, 1000, 1000, 1000]",-33.72243824296923,150.67459132705045,55.62,37.42,-0.11,0.61,3.7,0.00975,0.056,-0.00775
100000000,"[1000, 1000, 1000, 1000]",-33.722438017016614,150.67459341395616,55.81,37.45,-0.11,0.72,3.67,0.00625,0.05025,-0.006
132000000,"[1000, 1000, 1000, 1000]",-33.72243777412583,150.6745956734117,56.02,37.48,-0.11,0.81,3.64,0.01825,0.03925,-0.007
184000000,"[1000, 1000, 1000, 1000]",-33.72243755214301,150.67459775571004,56.21,37.5,-0.11,0.9,3.61,0.004,0.02775,-0.007
212000000,"[1000, 1000, 1000, 1000]",-33.72243731462049,150.6746000062138,56.42,37.53,-0.11,0.94,3.58,0.001,0.02275,-0.0165
296000000,"[1000, 1000, 1000, 1000]",-33.72243709846226,150.67460207787585,56.61,37.55,-0.11,0.95,3.56,0.007,-0.004,-0.007
320000000,"[1000, 1000, 1000, 1000]",-33.722436867777645,150.67460431587838,56.82,37.58,-0.11,0.94,3.54,0.011,-0.0085,-0.02325
368000000,"[1000, 1000, 1000, 1000]",-33.72243665790271,150.6746063765103,57.01,37.6,-0.09,0.9,3.51,0.0135,0.009000000000000001,-0.01975
444000000,"[1000, 1000, 1000, 1000]",-33.7224364334305,150.6746086044959,57.22,37.63,-0.08,0.84,3.49,0.00875,-0.019,-0.01025
488000000,"[1000, 1000, 1000, 1000]",-33.722436228388325,150.67461065860226,57.41,37.65,-0.06,0.76,3.46,0.00725,-0.0105,-0.00425
516000000,"[1000, 1000, 1000, 1000]",-33.722436008056334,150.67461288307905,57.62,37.67,-0.05,0.67,3.44,0.01875,-0.03375,-0.016
596000000,"[-1000, 1000, -1000, 1000]",-33.72243580721,150.67461493624592,57.81,37.7,-0.04,0.62,3.42,-0.00475,-0.00425,-0.0035
620000000,"[-1000, 1000, -1000, 1000]",-33.7224357105271,150.67461705616145,58.0,37.71,-0.01,0.67,4.01,0.017750000000000002,0.0495,0.42925
668000000,"[1000, 1000, 1000, 1000]",-33.722435736294635,150.67461892433016,58.18,37.7,0.01,0.93,5.89,0.006500000000000001,0.094,0.669
744000000,"[1000, 1000, 1000, 1000]",-33.722435744669156,150.67462098345777,58.37,37.7,0.01,1.14,8.08,-0.00275,0.043000000000000003,0.606
784000000,"[1000, 1000, 1000, 1000]",-33.7224357317818,150.67462291069864,58.54,37.7,0.01,1.2,9.42,-0.00675,0.01,0.556
848000000,"[1000, 1000, 1000, 1000]",-33.72243569855173,150.67462501827924,58.74,37.71,0.0,1.19,10.92,-0.00275,0.0022500000000000003,0.5215
884000000,"[1000, 1000, 1000, 1000]",-33.72243565208538,150.67462697816995,58.92,37.71,0.0,1.09,12.43,-0.016,-0.041,0.47350000000000003
932000000,"[1000, 1000, 1000, 1000]",-33.7224355856755,150.67462911638387,59.12,37.72,0.01,0.9,14.03,0.0095,-0.04225,0.4395
980000000,"[1000, 1000, 1000, 1000]",-33.72243550937218,150.6746311052224,59.3,37.73,0.02,0.79,14.74,0.005,-0.05575,0.42625
8000000,"[1000, 1000, 1000, 1000]",-33.722435409290654,150.67463327807639,59.51,37.74,0.05,0.52,16.42,-0.010750000000000001,-0.055,0.38
84000000,"[1000, 1000, 1000, 1000]",-33.72243529927443,150.67463530182565,59.69,37.75,0.08,0.39,17.28,-0.0032500000000000003,-0.0455,0.36325
152000000,"[1000, 1000, 1000, 1000]",-33.72243515920636,150.67463751382934,59.9,37.77,0.1,0.27,18.25,0.010750000000000001,-0.03925,0.34825
196000000,"[1000, 1000, 1000, 1000]",-33.72243500936785,150.67463957268455,60.09,37.78,0.13,0.2,19.24,0.00725,-0.01575,0.30925
220000000,"[1000, 1000, 1000, 1000]",-33.72243482400712,150.67464181933687,60.3,37.8,0.15,0.17,20.1,-0.00775,-0.0005,0.29475
268000000,"[1000, 1000, 1000, 1000]",-33.72243463156785,150.6746439057071,60.49,37.83,0.16,0.18,20.97,0.0,0.01575,0.29525
344000000,"[1000, 1000, 1000, 1000]",-33.722434400496596,150.67464617668867,60.7,37.85,0.16,0.23,21.73,-0.00575,0.023,0.25775
380000000,"[1000, 1000, 1000, 1000]",-33.72243416719015,150.67464828046005,60.9,37.88,0.16,0.31,22.5,-0.0035,0.0505,0.2515
444000000,"[1000, 1000, 1000, 1000]",-33.72243389391523,150.674650565121,61.11,37.91,0.15,0.4,23.16,0.01,0.0285,0.23950000000000002
492000000,"[1000, 1000, 1000, 1000]",-33.72243362377088,150.67465267699592,61.3,37.94,0.15,0.48,23.69,-0.005,0.04275,0.224
516000000,"[1000, 1000, 1000, 1000]",-33.72243331280285,150.6746549655795,61.52,37.97,0.16,0.6,24.44,-0.00875,0.035500000000000004,0.18775
564000000,"[1000, 1000, 1000, 1000]",-33.72243300966077,150.67465707642137,61.71,38.01,0.17,0.68,24.92,-0.00675,0.02475,0.18825
636000000,"[1000, 1000, 1000, 1000]",-33.722432664550226,150.67465935860875,61.92,38.04,0.19,0.78,25.59,0.00675,0.033,0.17825
672000000,"[1000, 1000, 1000, 1000]",-33.72243233109554,150.67466145869759,62.12,38.08,0.2,0.84,26.21,0.0055,0.02725,0.18275
744000000,"[-1000, 1000, -1000, 1000]",-33.72243195870444,150.6746637232019,62.33,38.12,0.22,0.85,26.74,0.00775,0.01725,0.23950000000000002
788000000,"[-1000, 1000, -1000, 1000]",-33.722431739596836,150.67466576462098,62.52,38.15,0.25,0.96,27.81,0.00075,0.08725000000000001,0.6305000000000001
856000000,"[1000, 1000, 1000, 1000]",-33.72243158984015,150.67466794566582,62.72,38.16,0.27,1.15,29.88,-0.008,0.05675,0.7352500000000001
808000000,"[1000, 1000, 1000, 1000]",-33.72243140317619,150.67466996806903,62.91,38.18,0.27,1.24,31.99,-0.0235,0.003,0.681
948000000,"[1000, 1000, 1000, 1000]",-33.72243115343784,150.6746721621127,63.11,38.21,0.26,1.2,33.78,-0.00625,-0.017750000000000002,0.63775
984000000,"[1000, 1000, 1000, 1000]",-33.72243088193555,150.67467418781,63.3,38.24,0.25,1.03,35.56,-0.00675,-0.059250000000000004,0.553
56000000,"[1000, 1000, 1000, 1000]",-33.72243054426524,150.6746763838656,63.5,38.28,0.23,0.8,37.09,-0.01925,-0.09175,0.5357500000000001
8000000,"[1000, 1000, 1000, 1000]",-33.72243019133804,150.67467841517035,63.69,38.32,0.23,0.52,38.63,-0.001,-0.08725000000000001,0.502
124000000,"[1000, 1000, 1000, 1000]",-33.72242976192517,150.67468062339194,63.89,38.37,0.23,0.26,39.95,0.0015,-0.06175,0.4675
172000000,"[1000, 1000, 1000, 1000]",-33.722429319624844,150.674682670299,64.08,38.41,0.25,0.02,41.28,0.02,-0.06075,0.42225
232000000,"[1000, 1000, 1000, 1000]",-33.72242878854066,150.67468489644426,64.29,38.47,0.28,-0.13,42.43,0.00175,-0.0375,0.41300000000000003
272000000,"[1000, 1000, 1000, 1000]",-33.722428249501625,150.67468695678318,64.48,38.53,0.31,-0.21,43.6,0.0335,-0.014750000000000001,0.38
348000000,"[1000, 1000, 1000, 1000]",-33.72242761319871,150.67468919023563,64.69,38.6,0.33,-0.22,44.61,-0.00125,0.014750000000000001,0.35125
392000000,"[1000, 1000, 1000, 1000]",-33.72242697931019,150.67469124853181,64.88,38.67,0.35,-0.14,45.79,0.00125,0.02925,0.3325
416000000,"[1000, 1000, 1000, 1000]",-33.72242624531497,150.6746934696795,65.08,38.76,0.35,-0.06,46.53,-0.008,0.0555,0.31625000000000003
464000000,"[1000, 1000, 1000, 1000]",-33.72242552756511,150.67469550813277,65.27,38.84,0.34,0.08,47.44,-0.0055,0.058750000000000004,0.2975
536000000,"[1000, 1000, 1000, 1000]",-33.72242471049857,150.67469770044252,65.48,38.93,0.32,0.21,48.23,-0.00975,0.0465,0.269
568000000,"[1000, 1000, 1000, 1000]",-33.72242392339261,150.67469970737196,65.66,39.01,0.3,0.36,49.04,-0.01425,0.05225,0.27675
644000000,"[1000, 1000, 1000, 1000]",-33.72242303872649,150.67470186194598,65.86,39.11,0.28,0.48,49.75,-0.0045000000000000005,0.0565,0.2535
692000000,"[1000, 1000, 1000, 1000]",-33.72242219549846,150.67470383165474,66.04,39.2,0.27,0.59,50.47,0.008,0.03625,0.23900000000000002
720000000,"[1000, 1000, 1000, 1000]",-33.72242125589812,150.67470594359474,66.24,39.31,0.26,0.67,51.11,0.00175,0.025750000000000002,0.2155
764000000,"[1000, 1000, 1000, 1000]",-33.722420366474694,150.67470787162398,66.42,39.41,0.27,0.72,51.76,0.0045000000000000005,0.010750000000000001,0.21425
832000000,"[1000, 1000, 1000, 1000]",-33.72241938070478,150.674709935647,66.61,39.52,0.28,0.72,52.33,0.016,-0.00025,0.20775000000000002
868000000,"[1000, 1000, 1000, 1000]",-33.72241845131723,150.6747118170605,66.78,39.62,0.29,0.69,53.0,-0.01225,-0.0145,0.1985
940000000,"[1000, 1000, 1000, 1000]",-33.72241742405375,150.67471382889542,66.97,39.73,0.29,0.64,53.34,-0.006,-0.02725,0.192
984000000,"[-811, 811, -811, 811]",-33.72241647073323,150.67471566426164,67.14,39.84,0.29,0.53,53.97,0.01325,-0.021750000000000002,0.247
32000000,"[-317, 317, -317, 317]",-33.72241558445355,150.67471766050326,67.33,39.94,0.31,0.58,55.24,-0.0175,0.0625,0.635
112000000,"[1000, 1000, 1000, 1000]",-33.72241484482107,150.67471947096382,67.49,40.02,0.3,0.79,57.29,-0.01,0.077,0.67525
144000000,"[1000, 1000, 1000, 1000]",-33.72241398359117,150.67472141090016,67.67,40.12,0.28,0.91,59.1,-0.03425,0.0225,0.635
192000000,"[1000, 1000, 1000, 1000]",-33.72241313229005,150.67472318280122,67.84,40.21,0.24,0.9,60.91,-0.03025,-0.035750000000000004,0.58675
224000000,"[1000, 1000, 1000, 1000]",-33.722412154666614,150.67472508012384,68.01,40.32,0.21,0.79,62.45,-0.0195,-0.05325,0.54525
300000000,"[1000, 1000, 1000, 1000]",-33.72241120301063,150.67472681091272,68.17,40.42,0.19,0.59,64.01,-0.0085,-0.0725,0.50025
328000000,"[1000, 1000, 1000, 1000]",-33.722410118389725,150.67472866402403,68.35,40.54,0.18,0.37,65.35,-0.01725,-0.06775,0.46
368000000,"[1000, 1000, 1000, 1000]",-33.72240906646273,150.67473035419522,68.5,40.66,0.19,0.1,66.9,-0.003,-0.05775,0.42775
444000000,"[1000, 1000, 1000, 1000]",-33.72240787088681,150.67473216182623,68.67,40.79,0.2,-0.09,68.15,0.0145,-0.055,0.3965
484000000,"[1000, 1000, 1000, 1000]",-33.722406715780664,150.67473380670998,68.82,40.92,0.21,-0.2,69.05,-0.0055,-0.0185,0.3835
516000000,"[1000, 1000, 1000, 1000]",-33.7224054104016,150.67473556006,68.99,41.07,0.22,-0.28,70.08,0.00725,-0.004,0.35175
592000000,"[1000, 1000, 1000, 1000]",-33.72240415844194,150.67473714951393,69.13,41.21,0.22,-0.3,71.12,0.00025,0.00625,0.34825
624000000,"[1000, 1000, 1000, 1000]",-33.72240275536273,150.67473883759803,69.29,41.36,0.21,-0.27,72.03,-0.00875,0.0125,0.31175
668000000,"[0, 0, 0, 0]",-33.72240145542846,150.67474035308445,69.43,41.51,0.2,-0.16,72.96,0.01125,0.09125,0.30725
748000000,"[0, 0, 0, 0]",-33.72240034559551,150.6747411550004,69.5,41.63,0.18,0.19,73.4,-0.009000000000000001,0.17075,-0.02325
784000000,"[513, -513, 513, -513]",-33.72239947900373,150.67474141373677,69.53,41.72,0.09,0.73,73.31,-0.026000000000000002,0.18425,-0.068
816000000,"[725, -725, 725, -725]",-33.7223985675068,150.67474150842168,69.54,41.83,-0.19,1.38,72.36,-0.095,0.185,-0.47975
896000000,"[999, -999, 999, -999]",-33.722397741115444,150.67474142598948,69.53,41.92,-0.41,1.78,70.93,-0.057,0.17,-0.7305
920000000,"[999, -999, 999, -999]",-33.72239684871469,150.67474118283909,69.51,42.02,-0.65,2.15,68.33,-0.033,0.1395,-1.1187500000000001
968000000,"[254, -254, 254, -254]",-33.72239602249537,150.67474086574927,69.48,42.11,-0.8,2.39,64.47,0.017,0.07925,-1.29475
40000000,"[0, 0, 0, 0]",-33.7223951660312,150.67474055393447,69.45,42.2,-0.82,2.45,61.03,0.08975,0.0305,-1.19175
88000000,"[0, 0, 0, 0]",-33.72239443673732,150.67474032678206,69.43,42.28,-0.61,2.38,57.68,0.145,-0.022,-1.07175
136000000,"[0, 0, 0, 0]",-33.7223937060023,150.6747399673139,69.39,42.36,-0.28,2.19,55.15,0.166,-0.076,-0.724
176000000,"[0, 0, 0, 0]",-33.722393077121254,150.67473950240745,69.35,42.43,0.21,1.88,52.99,0.17250000000000001,-0.08875,-0.5645
220000000,"[-1000, 1000, -1000, 1000]",-33.72239243517562,150.67473901856602,69.31,42.51,0.51,1.59,51.61,0.06325,-0.124,-0.2575
256000000,"[-1000, 1000, -1000, 1000]",-33.72239193162006,150.6747387097303,69.28,42.56,0.57,1.41,51.46,0.0085,-0.10875,0.01925
364000000,"[0, 0, 0, 0]",-33.722391424027364,150.67473843379275,69.25,42.62,0.34,0.97,52.28,-0.10325000000000001,-0.09075,0.19925
320000000,"[0, 0, 0, 0]",-33.722390949304575,150.67473816988868,69.23,42.67,0.07,0.77,52.75,-0.1315,-0.064,0.19875
436000000,"[0, 0, 0, 0]",-33.72239043636716,150.6747378938519,69.2,42.73,-0.29,0.6,53.28,-0.1265,-0.043500000000000004,0.17675
480000000,"[0, 0, 0, 0]",-33.722389972091136,150.67473766572147,69.18,42.78,-0.56,0.53,53.69,-0.09825,-0.0125,0.17275000000000001
544000000,"[0, 0, 0, 0]",-33.72238948560511,150.6747374612027,69.16,42.83,-0.78,0.53,54.28,-0.03325,0.0135,0.16375
576000000,"[0, 0, 0, 0]",-33.72238905403394,150.6747373156577,69.15,42.88,-0.75,0.65,54.75,0.045,0.0545,0.15175
648000000,"[1000, 1000, 1000, 1000]",-33.722388562346964,150.67473723054513,69.14,42.94,-0.58,0.79,55.15,0.06725,0.0625,0.1495
692000000,"[1000, 1000, 1000, 1000]",-33.72238800361541,150.67473727738394,69.14,43.0,-0.39,0.8,55.45,0.07525,-0.02375,0.1255
720000000,"[1000, 1000, 1000, 1000]",-33.722387272018324,150.67473745409342,69.16,43.08,-0.05,0.53,55.92,0.0745,-0.06625,0.10375000000000001
768000000,"[1000, 1000, 1000, 1000]",-33.722386478528136,150.67473771686403,69.19,43.17,0.07,0.29,56.14,0.043000000000000003,-0.1115,0.09725
840000000,"[1000, 1000, 1000, 1000]",-33.72238549228575,150.67473809628265,69.22,43.28,0.11,-0.05,56.37,0.00925,-0.10425,0.0795
880000000,"[1000, 1000, 1000, 1000]",-33.722384470729594,150.67473852787526,69.26,43.39,0.05,-0.31,56.54,-0.04975,-0.1085,0.06325
948000000,"[0, 0, 0, 0]",-33.72238330327243,150.67473904715064,69.31,43.52,-0.17,-0.59,56.79,-0.045,0.027,0.04225
992000000,"[0, 0, 0, 0]",-33.72238225457798,150.67473951272996,69.35,43.63,-0.29,-0.46,56.92,-0.035,0.09475,0.04525
20000000,"[0, 0, 0, 0]",-33.72238115420358,150.6747400074275,69.4,43.76,-0.42,0.05,57.11,-0.0315,0.19125,0.06375
68000000,"[0, 0, 0, 0]",-33.72238017743657,150.67474045610118,69.44,43.87,-0.45,0.54,57.22,0.0075,0.23125,0.051500000000000004
132000000,"[0, 0, 0, 0]",-33.72237916892154,150.67474092858205,69.48,43.98,-0.41,1.2,57.35,0.029,0.24725,0.04425
176000000,"[0, 0, 0, 0]",-33.7223782891011,150.67474134408215,69.52,44.07,-0.31,1.91,57.48,0.0345,0.23700000000000002,0.04975
240000000,"[0, 0, 0, 0]",-33.72237739473188,150.67474176108027,69.56,44.17,-0.16,2.62,57.62,0.03775,0.202,0.02875
276000000,"[0, 0, 0, 0]",-33.722376624278134,150.674742106349,69.59,44.26,-0.06,2.98,57.71,0.045,0.114,0.04025
336000000,"[0, 0, 0, 0]",-33.7223758483801,150.67474243033328,69.62,44.35,0.01,3.26,57.81,0.024,0.0925,0.03825
372000000,"[0, 0, 0, 0]",-33.7223751843861,150.67474268104448,69.65,44.42,0.03,3.38,57.91,0.00075,0.015,0.03125
440000000,"[0, 0, 0, 0]",-33.72237451858436,150.67474290335588,69.67,44.49,-0.02,3.32,58.0,-0.0325,-0.03825,0.02225
484000000,"[0, 0, 0, 0]",-33.72237394998074,150.67474307044216,69.68,44.56,-0.11,3.08,58.09,-0.04225,-0.09725,0.02125
512000000,"[0, 0, 0, 0]",-33.72237337900014,150.67474322176326,69.7,44.62,-0.22,2.75,58.16,-0.021,-0.13825,0.02775
560000000,"[0, 0, 0, 0]",-33.722372888108836,150.67474334525883,69.71,44.67,-0.3,2.3,58.24,-0.021,-0.148,0.0235
636000000,"[0, 0, 0, 0]",-33.722372388261114,150.67474347242958,69.72,44.73,-0.34,1.87,58.31,0.0005,-0.14350000000000002,0.034
672000000,"[0, 0, 0, 0]",-33.72237194889292,150.67474359068433,69.73,44.78,-0.32,1.42,58.38,0.01025,-0.13825,0.01575
736000000,"[0, 0, 0, 0]",-33.722371487857764,150.67474372375918,69.74,44.83,-0.25,1.06,58.44,0.01975,-0.1,0.016
784000000,"[0, 0, 0, 0]",-33.72237106819311,150.67474385179327,69.75,44.88,-0.13,0.76,58.51,0.04575,-0.05725,0.03025
808000000,"[0, 0, 0, 0]",-33.72237061237349,150.67474399450666,69.77,44.93,-0.05,0.66,58.55,0.02525,-0.028,-0.00125
896000000,"[0, 0, 0, 0]",-33.72237018584664,150.67474412752776,69.78,44.97,0.02,0.66,58.6,0.0225,0.04775,0.00425
932000000,"[0, 0, 0, 0]",-33.72236971581828,150.6747442703239,69.79,45.03,0.05,0.77,58.64,0.0175,0.067,0.02225
968000000,"[0, 0, 0, 0]",-33.722369276769335,150.67474439905388,69.8,45.07,0.02,1.07,58.69,-0.011,0.11525,0.02925
36000000,"[0, 0, 0, 0]",-33.722368801655435,150.67474453398674,69.82,45.13,-0.03,1.4,58.73,-0.0195,0.13,0.00475
84000000,"[0, 0, 0, 0]",-33.72236837121308,150.67474465388926,69.83,45.17,-0.11,1.79,58.77,-0.02425,0.12875,0.029750000000000002
112000000,"[0, 0, 0, 0]",-33.72236792265187,150.6747447782683,69.84,45.22,-0.17,2.12,58.8,-0.01525,0.11675,0.017
160000000,"[0, 0, 0, 0]",-33.72236753176204,150.674744887082,69.85,45.27,-0.2,2.46,58.84,0.0015,0.09175,0.00575
232000000,"[0, 0, 0, 0]",-33.722367138200774,150.67474499665232,69.86,45.31,-0.19,2.61,58.87,-0.0045000000000000005,0.0445,-0.005
296000000,"[0, 0, 0, 0]",-33.72236680385654,150.6747450878964,69.87,45.35,-0.13,2.69,58.9,0.031,0.00175,0.012750000000000001
328000000,"[0, 0, 0, 0]",-33.722366471279116,150.6747451734244,69.88,45.39,-0.06,2.65,58.93,0.01925,-0.018000000000000002,0.008
396000000,"[0, 0, 0, 0]",-33.722366187672584,150.67474523839067,69.88,45.42,0.03,2.48,58.96,0.02375,-0.05575,0.0055
424000000,"[0, 0, 0, 0]",-33.72236589922584,150.6747452915847,69.89,45.45,0.07,2.3,58.98,0.0035,-0.064,0.0105
496000000,"[0, 0, 0, 0]",-33.72236564446234,150.67474532515243,69.89,45.48,0.07,1.99,59.02,-0.003,-0.09125,0.0185
528000000,"[0, 0, 0, 0]",-33.72236537595763,150.67474535002444,69.89,45.51,0.01,1.73,59.06,-0.0265,-0.07100000000000001,-0.006500000000000001
576000000,"[0, 0, 0, 0]",-33.72236513201212,150.6747453689169,69.89,45.53,-0.05,1.54,59.09,-0.026000000000000002,-0.06925,0.01825
648000000,"[0, 0, 0, 0]",-33.72236487043134,150.674745392806,69.9,45.56,-0.12,1.38,59.14,-0.025750000000000002,-0.0545,0.004
688000000,"[0, 0, 0, 0]",-33.72236463122237,150.67474542349478,69.9,45.59,-0.17,1.26,59.19,-0.02725,-0.01525,0.01625
720000000,"[0, 0, 0, 0]",-33.722364374935204,150.67474546912874,69.9,45.62,-0.17,1.23,59.25,0.012,-0.005,0.0135
800000000,"[0, 0, 0, 0]",-33.72236414152478,150.67474552219298,69.91,45.64,-0.12,1.27,59.31,0.02775,0.0345,0.01625
832000000,"[0, 0, 0, 0]",-33.72236389910997,150.67474558978165,69.92,45.67,-0.06,1.34,59.36,0.02925,0.05575,-0.00475
876000000,"[0, 0, 0, 0]",-33.7223637514609,150.67474567860307,69.92,45.69,0.03,1.46,59.3,0.04075,0.0525,-0.02775
948000000,"[0, 0, 0, 0]",-33.72236359804421,150.67474577517078,69.93,45.7,0.13,1.57,59.21,0.035250000000000004,0.049,-0.02875
988000000,"[0, 0, 0, 0]",-33.72236346265753,150.67474585914667,69.94,45.72,0.22,1.67,59.14,0.02325,0.03975,-0.0405
16000000,"[0, 0, 0, 0]",-33.722363322170075,150.67474593921753,69.95,45.73,0.27,1.75,59.07,0.0125,0.025750000000000002,-0.03325
92000000,"[0, 0, 0, 0]",-33.72236319810175,150.6747460007292,69.95,45.75,0.28,1.79,59.01,-0.0025,0.027,-0.0135
116000000,"[0, 0, 0, 0]",-33.72236307040158,150.67474605459708,69.96,45.76,0.24,1.8,58.96,-0.015,-0.009000000000000001,-0.0032500000000000003
